tick,,price,,
4, Welcome to the COM5 case-,100.11,,
6, Welcome to the COM5 case-,100.08,,
7, Welcome to the COM5 case-,100.07,,
9, Welcome to the COM5 case-,100.04,,
10, Welcome to the COM5 case-,100,,
12, Welcome to the COM5 case-,100.04,,
13, Welcome to the COM5 case-,100.11,,
15, Welcome to the COM5 case-,100.09,,
16, Welcome to the COM5 case-,100.15,,
18, Welcome to the COM5 case-,100.2,,
19, Welcome to the COM5 case-,100.2,,
21, Welcome to the COM5 case-,100.12,,
22, Welcome to the COM5 case-,100.18,,
24, Welcome to the COM5 case-,100.14,,
25, Welcome to the COM5 case-,100.13,,
27, Welcome to the COM5 case-,100.16,,
28, Welcome to the COM5 case-,100.2,,
30, Welcome to the COM5 case-,100.03,,
31, Welcome to the COM5 case-,100,,
33, Welcome to the COM5 case-,99.91,,
34, Welcome to the COM5 case-,99.88,,
36, Welcome to the COM5 case-,99.79,,
37, Welcome to the COM5 case-,99.74,,
39, Welcome to the COM5 case-,99.73,,
40, Welcome to the COM5 case-,99.73,,
42, Welcome to the COM5 case-,99.64,,
43, Welcome to the COM5 case-,99.65,,
45, Welcome to the COM5 case-,99.62,,
46, Welcome to the COM5 case-,99.59,,
48, Welcome to the COM5 case-,99.53,,
49, Welcome to the COM5 case-,99.53,,
51, Welcome to the COM5 case-,99.64,,
52, Welcome to the COM5 case-,99.62,,
54, Welcome to the COM5 case-,99.66,,
55, Welcome to the COM5 case-,99.7,,
57, Welcome to the COM5 case-,99.76,,
58, PIPELINE COST FOR CUSHING TO NYC GOING DOWN TO $14,99.79,,
60, PIPELINE COST FOR CUSHING TO NYC GOING DOWN TO $14,99.75,,
61, PIPELINE COST FOR CUSHING TO NYC GOING DOWN TO $14,99.76,,
63, PIPELINE COST FOR CUSHING TO NYC GOING DOWN TO $14,99.75,,
64, PIPELINE COST FOR CUSHING TO NYC GOING DOWN TO $14,99.8,,
66, PIPELINE COST FOR CUSHING TO NYC GOING DOWN TO $14,99.79,,
67, PIPELINE COST FOR CUSHING TO NYC GOING DOWN TO $14,99.65,,
69, PIPELINE COST FOR CUSHING TO NYC GOING DOWN TO $14,99.68,,
70, PIPELINE COST FOR CUSHING TO NYC GOING DOWN TO $14,99.75,,
72, CHINA BEGINS PRODUCTION ON NEW OIL SANDS -China has begun oil production in the South-Western regions of Tibet,99.8,,
73, CHINA BEGINS PRODUCTION ON NEW OIL SANDS -China has begun oil production in the South-Western regions of Tibet,99.85,,
75, CHINA BEGINS PRODUCTION ON NEW OIL SANDS -China has begun oil production in the South-Western regions of Tibet,99.84,,
76, CHINA BEGINS PRODUCTION ON NEW OIL SANDS -China has begun oil production in the South-Western regions of Tibet,99.88,,
78, CHINA BEGINS PRODUCTION ON NEW OIL SANDS -China has begun oil production in the South-Western regions of Tibet,99.98,,
79, CHINA BEGINS PRODUCTION ON NEW OIL SANDS -China has begun oil production in the South-Western regions of Tibet,99.95,,
81, CHINA BEGINS PRODUCTION ON NEW OIL SANDS -China has begun oil production in the South-Western regions of Tibet,100.02,,
82, CHINA BEGINS PRODUCTION ON NEW OIL SANDS -China has begun oil production in the South-Western regions of Tibet,100.04,,
84, CHINA BEGINS PRODUCTION ON NEW OIL SANDS -China has begun oil production in the South-Western regions of Tibet,99.89,,
85, CHINA BEGINS PRODUCTION ON NEW OIL SANDS -China has begun oil production in the South-Western regions of Tibet,99.83,,
87, CHINA BEGINS PRODUCTION ON NEW OIL SANDS -China has begun oil production in the South-Western regions of Tibet,99.82,,
88, CHINA BEGINS PRODUCTION ON NEW OIL SANDS -China has begun oil production in the South-Western regions of Tibet,99.83,0.03,16
90, WEEK 1 CL ACTUAL DRAW 4 MLN BBLS VS FORECAST BUILD 7 MLN BBLS-WEEK 1 CL ACTUAL DRAW 4 MLN BBLS VS FORECAST BUILD 7 MLN BBLS,99.84,Up,
91, WEEK 1 CL ACTUAL DRAW 4 MLN BBLS VS FORECAST BUILD 7 MLN BBLS-WEEK 1 CL ACTUAL DRAW 4 MLN BBLS VS FORECAST BUILD 7 MLN BBLS,99.82,,
93, WEEK 1 CL ACTUAL DRAW 4 MLN BBLS VS FORECAST BUILD 7 MLN BBLS-WEEK 1 CL ACTUAL DRAW 4 MLN BBLS VS FORECAST BUILD 7 MLN BBLS,99.92,,
94, WEEK 1 CL ACTUAL DRAW 4 MLN BBLS VS FORECAST BUILD 7 MLN BBLS-WEEK 1 CL ACTUAL DRAW 4 MLN BBLS VS FORECAST BUILD 7 MLN BBLS,99.87,,
96, WEEK 1 CL ACTUAL DRAW 4 MLN BBLS VS FORECAST BUILD 7 MLN BBLS-WEEK 1 CL ACTUAL DRAW 4 MLN BBLS VS FORECAST BUILD 7 MLN BBLS,99.84,,
97, WEEK 1 CL ACTUAL DRAW 4 MLN BBLS VS FORECAST BUILD 7 MLN BBLS-WEEK 1 CL ACTUAL DRAW 4 MLN BBLS VS FORECAST BUILD 7 MLN BBLS,99.84,,
99, WEEK 1 CL ACTUAL DRAW 4 MLN BBLS VS FORECAST BUILD 7 MLN BBLS-WEEK 1 CL ACTUAL DRAW 4 MLN BBLS VS FORECAST BUILD 7 MLN BBLS,100,,
100, WEEK 1 CL ACTUAL DRAW 4 MLN BBLS VS FORECAST BUILD 7 MLN BBLS-WEEK 1 CL ACTUAL DRAW 4 MLN BBLS VS FORECAST BUILD 7 MLN BBLS,100.05,,
102, WEEK 1 CL ACTUAL DRAW 4 MLN BBLS VS FORECAST BUILD 7 MLN BBLS-WEEK 1 CL ACTUAL DRAW 4 MLN BBLS VS FORECAST BUILD 7 MLN BBLS,100.24,,
103, WEEK 1 CL ACTUAL DRAW 4 MLN BBLS VS FORECAST BUILD 7 MLN BBLS-WEEK 1 CL ACTUAL DRAW 4 MLN BBLS VS FORECAST BUILD 7 MLN BBLS,100.21,,
105, WEEK 1 CL ACTUAL DRAW 4 MLN BBLS VS FORECAST BUILD 7 MLN BBLS-WEEK 1 CL ACTUAL DRAW 4 MLN BBLS VS FORECAST BUILD 7 MLN BBLS,100.33,,
106, WEEK 1 CL ACTUAL DRAW 4 MLN BBLS VS FORECAST BUILD 7 MLN BBLS-WEEK 1 CL ACTUAL DRAW 4 MLN BBLS VS FORECAST BUILD 7 MLN BBLS,100.39,,
108, WEEK 1 CL ACTUAL DRAW 4 MLN BBLS VS FORECAST BUILD 7 MLN BBLS-WEEK 1 CL ACTUAL DRAW 4 MLN BBLS VS FORECAST BUILD 7 MLN BBLS,100.46,,
109, WEEK 1 CL ACTUAL DRAW 4 MLN BBLS VS FORECAST BUILD 7 MLN BBLS-WEEK 1 CL ACTUAL DRAW 4 MLN BBLS VS FORECAST BUILD 7 MLN BBLS,100.5,,
111, WEEK 1 CL ACTUAL DRAW 4 MLN BBLS VS FORECAST BUILD 7 MLN BBLS-WEEK 1 CL ACTUAL DRAW 4 MLN BBLS VS FORECAST BUILD 7 MLN BBLS,100.64,,
112, WEEK 1 CL ACTUAL DRAW 4 MLN BBLS VS FORECAST BUILD 7 MLN BBLS-WEEK 1 CL ACTUAL DRAW 4 MLN BBLS VS FORECAST BUILD 7 MLN BBLS,100.61,,
114, WEEK 1 CL ACTUAL DRAW 4 MLN BBLS VS FORECAST BUILD 7 MLN BBLS-WEEK 1 CL ACTUAL DRAW 4 MLN BBLS VS FORECAST BUILD 7 MLN BBLS,100.65,,
115, WEEK 1 CL ACTUAL DRAW 4 MLN BBLS VS FORECAST BUILD 7 MLN BBLS-WEEK 1 CL ACTUAL DRAW 4 MLN BBLS VS FORECAST BUILD 7 MLN BBLS,100.75,,
117, WEEK 1 CL ACTUAL DRAW 4 MLN BBLS VS FORECAST BUILD 7 MLN BBLS-WEEK 1 CL ACTUAL DRAW 4 MLN BBLS VS FORECAST BUILD 7 MLN BBLS,100.91,,
118, WEEK 1 CL ACTUAL DRAW 4 MLN BBLS VS FORECAST BUILD 7 MLN BBLS-WEEK 1 CL ACTUAL DRAW 4 MLN BBLS VS FORECAST BUILD 7 MLN BBLS,100.96,,
120, WEEK 1 CL ACTUAL DRAW 4 MLN BBLS VS FORECAST BUILD 7 MLN BBLS-WEEK 1 CL ACTUAL DRAW 4 MLN BBLS VS FORECAST BUILD 7 MLN BBLS,101.03,,
121, WEEK 1 CL ACTUAL DRAW 4 MLN BBLS VS FORECAST BUILD 7 MLN BBLS-WEEK 1 CL ACTUAL DRAW 4 MLN BBLS VS FORECAST BUILD 7 MLN BBLS,100.91,,
123, WEEK 1 CL ACTUAL DRAW 4 MLN BBLS VS FORECAST BUILD 7 MLN BBLS-WEEK 1 CL ACTUAL DRAW 4 MLN BBLS VS FORECAST BUILD 7 MLN BBLS,100.91,,
124, WEEK 1 CL ACTUAL DRAW 4 MLN BBLS VS FORECAST BUILD 7 MLN BBLS-WEEK 1 CL ACTUAL DRAW 4 MLN BBLS VS FORECAST BUILD 7 MLN BBLS,100.9,,
126, WEEK 1 CL ACTUAL DRAW 4 MLN BBLS VS FORECAST BUILD 7 MLN BBLS-WEEK 1 CL ACTUAL DRAW 4 MLN BBLS VS FORECAST BUILD 7 MLN BBLS,100.88,,
127, WEEK 1 CL ACTUAL DRAW 4 MLN BBLS VS FORECAST BUILD 7 MLN BBLS-WEEK 1 CL ACTUAL DRAW 4 MLN BBLS VS FORECAST BUILD 7 MLN BBLS,100.99,,
129, WEEK 1 CL ACTUAL DRAW 4 MLN BBLS VS FORECAST BUILD 7 MLN BBLS-WEEK 1 CL ACTUAL DRAW 4 MLN BBLS VS FORECAST BUILD 7 MLN BBLS,100.98,,
130, WEEK 1 CL ACTUAL DRAW 4 MLN BBLS VS FORECAST BUILD 7 MLN BBLS-WEEK 1 CL ACTUAL DRAW 4 MLN BBLS VS FORECAST BUILD 7 MLN BBLS,100.97,,
132, WEEK 1 CL ACTUAL DRAW 4 MLN BBLS VS FORECAST BUILD 7 MLN BBLS-WEEK 1 CL ACTUAL DRAW 4 MLN BBLS VS FORECAST BUILD 7 MLN BBLS,101,,
133, WEEK 1 CL ACTUAL DRAW 4 MLN BBLS VS FORECAST BUILD 7 MLN BBLS-WEEK 1 CL ACTUAL DRAW 4 MLN BBLS VS FORECAST BUILD 7 MLN BBLS,100.96,,
135, WEEK 1 CL ACTUAL DRAW 4 MLN BBLS VS FORECAST BUILD 7 MLN BBLS-WEEK 1 CL ACTUAL DRAW 4 MLN BBLS VS FORECAST BUILD 7 MLN BBLS,100.85,,
136, WEEK 1 CL ACTUAL DRAW 4 MLN BBLS VS FORECAST BUILD 7 MLN BBLS-WEEK 1 CL ACTUAL DRAW 4 MLN BBLS VS FORECAST BUILD 7 MLN BBLS,100.94,,
138, WEEK 1 CL ACTUAL DRAW 4 MLN BBLS VS FORECAST BUILD 7 MLN BBLS-WEEK 1 CL ACTUAL DRAW 4 MLN BBLS VS FORECAST BUILD 7 MLN BBLS,100.9,,
139, WEEK 1 CL ACTUAL DRAW 4 MLN BBLS VS FORECAST BUILD 7 MLN BBLS-WEEK 1 CL ACTUAL DRAW 4 MLN BBLS VS FORECAST BUILD 7 MLN BBLS,100.91,,
141, WEEK 1 CL ACTUAL DRAW 4 MLN BBLS VS FORECAST BUILD 7 MLN BBLS-WEEK 1 CL ACTUAL DRAW 4 MLN BBLS VS FORECAST BUILD 7 MLN BBLS,100.89,,
142, WEEK 1 CL ACTUAL DRAW 4 MLN BBLS VS FORECAST BUILD 7 MLN BBLS-WEEK 1 CL ACTUAL DRAW 4 MLN BBLS VS FORECAST BUILD 7 MLN BBLS,100.88,,
144, WEEK 1 CL ACTUAL DRAW 4 MLN BBLS VS FORECAST BUILD 7 MLN BBLS-WEEK 1 CL ACTUAL DRAW 4 MLN BBLS VS FORECAST BUILD 7 MLN BBLS,100.97,,
145, WEEK 1 CL ACTUAL DRAW 4 MLN BBLS VS FORECAST BUILD 7 MLN BBLS-WEEK 1 CL ACTUAL DRAW 4 MLN BBLS VS FORECAST BUILD 7 MLN BBLS,101.02,,
147, WEEK 1 CL ACTUAL DRAW 4 MLN BBLS VS FORECAST BUILD 7 MLN BBLS-WEEK 1 CL ACTUAL DRAW 4 MLN BBLS VS FORECAST BUILD 7 MLN BBLS,100.97,,
148, WEEK 1 CL ACTUAL DRAW 4 MLN BBLS VS FORECAST BUILD 7 MLN BBLS-WEEK 1 CL ACTUAL DRAW 4 MLN BBLS VS FORECAST BUILD 7 MLN BBLS,100.95,,
150, WEEK 1 CL ACTUAL DRAW 4 MLN BBLS VS FORECAST BUILD 7 MLN BBLS-WEEK 1 CL ACTUAL DRAW 4 MLN BBLS VS FORECAST BUILD 7 MLN BBLS,100.87,,
151, WEEK 1 CL ACTUAL DRAW 4 MLN BBLS VS FORECAST BUILD 7 MLN BBLS-WEEK 1 CL ACTUAL DRAW 4 MLN BBLS VS FORECAST BUILD 7 MLN BBLS,100.85,,
153, WEEK 1 CL ACTUAL DRAW 4 MLN BBLS VS FORECAST BUILD 7 MLN BBLS-WEEK 1 CL ACTUAL DRAW 4 MLN BBLS VS FORECAST BUILD 7 MLN BBLS,100.81,,
154, WEEK 1 CL ACTUAL DRAW 4 MLN BBLS VS FORECAST BUILD 7 MLN BBLS-WEEK 1 CL ACTUAL DRAW 4 MLN BBLS VS FORECAST BUILD 7 MLN BBLS,100.77,,
156, WEEK 1 CL ACTUAL DRAW 4 MLN BBLS VS FORECAST BUILD 7 MLN BBLS-WEEK 1 CL ACTUAL DRAW 4 MLN BBLS VS FORECAST BUILD 7 MLN BBLS,100.79,,
157, WEEK 1 CL ACTUAL DRAW 4 MLN BBLS VS FORECAST BUILD 7 MLN BBLS-WEEK 1 CL ACTUAL DRAW 4 MLN BBLS VS FORECAST BUILD 7 MLN BBLS,100.8,,
159, WEEK 1 CL ACTUAL DRAW 4 MLN BBLS VS FORECAST BUILD 7 MLN BBLS-WEEK 1 CL ACTUAL DRAW 4 MLN BBLS VS FORECAST BUILD 7 MLN BBLS,100.84,,
160, WEEK 1 CL ACTUAL DRAW 4 MLN BBLS VS FORECAST BUILD 7 MLN BBLS-WEEK 1 CL ACTUAL DRAW 4 MLN BBLS VS FORECAST BUILD 7 MLN BBLS,100.87,,
162, WEEK 1 CL ACTUAL DRAW 4 MLN BBLS VS FORECAST BUILD 7 MLN BBLS-WEEK 1 CL ACTUAL DRAW 4 MLN BBLS VS FORECAST BUILD 7 MLN BBLS,100.84,,
163, WEEK 1 CL ACTUAL DRAW 4 MLN BBLS VS FORECAST BUILD 7 MLN BBLS-WEEK 1 CL ACTUAL DRAW 4 MLN BBLS VS FORECAST BUILD 7 MLN BBLS,100.76,,
165, WEEK 1 CL ACTUAL DRAW 4 MLN BBLS VS FORECAST BUILD 7 MLN BBLS-WEEK 1 CL ACTUAL DRAW 4 MLN BBLS VS FORECAST BUILD 7 MLN BBLS,100.78,,
166, WEEK 1 CL ACTUAL DRAW 4 MLN BBLS VS FORECAST BUILD 7 MLN BBLS-WEEK 1 CL ACTUAL DRAW 4 MLN BBLS VS FORECAST BUILD 7 MLN BBLS,100.72,,
168, WEEK 1 CL ACTUAL DRAW 4 MLN BBLS VS FORECAST BUILD 7 MLN BBLS-WEEK 1 CL ACTUAL DRAW 4 MLN BBLS VS FORECAST BUILD 7 MLN BBLS,100.67,,
169, WEEK 1 CL ACTUAL DRAW 4 MLN BBLS VS FORECAST BUILD 7 MLN BBLS-WEEK 1 CL ACTUAL DRAW 4 MLN BBLS VS FORECAST BUILD 7 MLN BBLS,100.68,,
171, WEEK 1 CL ACTUAL DRAW 4 MLN BBLS VS FORECAST BUILD 7 MLN BBLS-WEEK 1 CL ACTUAL DRAW 4 MLN BBLS VS FORECAST BUILD 7 MLN BBLS,100.75,,
172, WEEK 1 CL ACTUAL DRAW 4 MLN BBLS VS FORECAST BUILD 7 MLN BBLS-WEEK 1 CL ACTUAL DRAW 4 MLN BBLS VS FORECAST BUILD 7 MLN BBLS,100.69,,
174, WEEK 1 CL ACTUAL DRAW 4 MLN BBLS VS FORECAST BUILD 7 MLN BBLS-WEEK 1 CL ACTUAL DRAW 4 MLN BBLS VS FORECAST BUILD 7 MLN BBLS,100.73,,
175, WEEK 1 CL ACTUAL DRAW 4 MLN BBLS VS FORECAST BUILD 7 MLN BBLS-WEEK 1 CL ACTUAL DRAW 4 MLN BBLS VS FORECAST BUILD 7 MLN BBLS,100.74,,
177, WEEK 1 CL ACTUAL DRAW 4 MLN BBLS VS FORECAST BUILD 7 MLN BBLS-WEEK 1 CL ACTUAL DRAW 4 MLN BBLS VS FORECAST BUILD 7 MLN BBLS,100.71,,
178, WEEK 1 CL ACTUAL DRAW 4 MLN BBLS VS FORECAST BUILD 7 MLN BBLS-WEEK 1 CL ACTUAL DRAW 4 MLN BBLS VS FORECAST BUILD 7 MLN BBLS,100.68,,
180, WEEK 1 CL ACTUAL DRAW 4 MLN BBLS VS FORECAST BUILD 7 MLN BBLS-WEEK 1 CL ACTUAL DRAW 4 MLN BBLS VS FORECAST BUILD 7 MLN BBLS,100.84,,
181, WEEK 1 CL ACTUAL DRAW 4 MLN BBLS VS FORECAST BUILD 7 MLN BBLS-WEEK 1 CL ACTUAL DRAW 4 MLN BBLS VS FORECAST BUILD 7 MLN BBLS,100.87,,
183, WEEK 1 CL ACTUAL DRAW 4 MLN BBLS VS FORECAST BUILD 7 MLN BBLS-WEEK 1 CL ACTUAL DRAW 4 MLN BBLS VS FORECAST BUILD 7 MLN BBLS,100.96,,
184, WEEK 1 CL ACTUAL DRAW 4 MLN BBLS VS FORECAST BUILD 7 MLN BBLS-WEEK 1 CL ACTUAL DRAW 4 MLN BBLS VS FORECAST BUILD 7 MLN BBLS,100.99,,
186, WEEK 1 CL ACTUAL DRAW 4 MLN BBLS VS FORECAST BUILD 7 MLN BBLS-WEEK 1 CL ACTUAL DRAW 4 MLN BBLS VS FORECAST BUILD 7 MLN BBLS,101.08,,
187, WEEK 1 CL ACTUAL DRAW 4 MLN BBLS VS FORECAST BUILD 7 MLN BBLS-WEEK 1 CL ACTUAL DRAW 4 MLN BBLS VS FORECAST BUILD 7 MLN BBLS,101.13,,
189, WEEK 1 CL ACTUAL DRAW 4 MLN BBLS VS FORECAST BUILD 7 MLN BBLS-WEEK 1 CL ACTUAL DRAW 4 MLN BBLS VS FORECAST BUILD 7 MLN BBLS,101.14,,
190, WEEK 1 CL ACTUAL DRAW 4 MLN BBLS VS FORECAST BUILD 7 MLN BBLS-WEEK 1 CL ACTUAL DRAW 4 MLN BBLS VS FORECAST BUILD 7 MLN BBLS,101.14,,
192, WEEK 1 CL ACTUAL DRAW 4 MLN BBLS VS FORECAST BUILD 7 MLN BBLS-WEEK 1 CL ACTUAL DRAW 4 MLN BBLS VS FORECAST BUILD 7 MLN BBLS,101.23,,
193, WEEK 1 CL ACTUAL DRAW 4 MLN BBLS VS FORECAST BUILD 7 MLN BBLS-WEEK 1 CL ACTUAL DRAW 4 MLN BBLS VS FORECAST BUILD 7 MLN BBLS,101.22,,
195, WEEK 1 CL ACTUAL DRAW 4 MLN BBLS VS FORECAST BUILD 7 MLN BBLS-WEEK 1 CL ACTUAL DRAW 4 MLN BBLS VS FORECAST BUILD 7 MLN BBLS,101.25,,
196, WEEK 1 CL ACTUAL DRAW 4 MLN BBLS VS FORECAST BUILD 7 MLN BBLS-WEEK 1 CL ACTUAL DRAW 4 MLN BBLS VS FORECAST BUILD 7 MLN BBLS,101.29,,
198, WEEK 1 CL ACTUAL DRAW 4 MLN BBLS VS FORECAST BUILD 7 MLN BBLS-WEEK 1 CL ACTUAL DRAW 4 MLN BBLS VS FORECAST BUILD 7 MLN BBLS,101.34,,
199, WEEK 1 CL ACTUAL DRAW 4 MLN BBLS VS FORECAST BUILD 7 MLN BBLS-WEEK 1 CL ACTUAL DRAW 4 MLN BBLS VS FORECAST BUILD 7 MLN BBLS,101.35,,
201, WEEK 1 CL ACTUAL DRAW 4 MLN BBLS VS FORECAST BUILD 7 MLN BBLS-WEEK 1 CL ACTUAL DRAW 4 MLN BBLS VS FORECAST BUILD 7 MLN BBLS,101.23,,
202, WEEK 1 CL ACTUAL DRAW 4 MLN BBLS VS FORECAST BUILD 7 MLN BBLS-WEEK 1 CL ACTUAL DRAW 4 MLN BBLS VS FORECAST BUILD 7 MLN BBLS,101.25,,
204, WEEK 1 CL ACTUAL DRAW 4 MLN BBLS VS FORECAST BUILD 7 MLN BBLS-WEEK 1 CL ACTUAL DRAW 4 MLN BBLS VS FORECAST BUILD 7 MLN BBLS,101.22,,
205, WEEK 1 CL ACTUAL DRAW 4 MLN BBLS VS FORECAST BUILD 7 MLN BBLS-WEEK 1 CL ACTUAL DRAW 4 MLN BBLS VS FORECAST BUILD 7 MLN BBLS,101.17,,
207, WEEK 1 CL ACTUAL DRAW 4 MLN BBLS VS FORECAST BUILD 7 MLN BBLS-WEEK 1 CL ACTUAL DRAW 4 MLN BBLS VS FORECAST BUILD 7 MLN BBLS,101.11,,
208, WEEK 1 CL ACTUAL DRAW 4 MLN BBLS VS FORECAST BUILD 7 MLN BBLS-WEEK 1 CL ACTUAL DRAW 4 MLN BBLS VS FORECAST BUILD 7 MLN BBLS,101.09,,
210, WEEK 1 CL ACTUAL DRAW 4 MLN BBLS VS FORECAST BUILD 7 MLN BBLS-WEEK 1 CL ACTUAL DRAW 4 MLN BBLS VS FORECAST BUILD 7 MLN BBLS,101.13,,
211, WEEK 1 CL ACTUAL DRAW 4 MLN BBLS VS FORECAST BUILD 7 MLN BBLS-WEEK 1 CL ACTUAL DRAW 4 MLN BBLS VS FORECAST BUILD 7 MLN BBLS,101.11,,
213, WEEK 1 CL ACTUAL DRAW 4 MLN BBLS VS FORECAST BUILD 7 MLN BBLS-WEEK 1 CL ACTUAL DRAW 4 MLN BBLS VS FORECAST BUILD 7 MLN BBLS,101.12,,
214, WEEK 1 CL ACTUAL DRAW 4 MLN BBLS VS FORECAST BUILD 7 MLN BBLS-WEEK 1 CL ACTUAL DRAW 4 MLN BBLS VS FORECAST BUILD 7 MLN BBLS,101.07,,
216, WEEK 1 CL ACTUAL DRAW 4 MLN BBLS VS FORECAST BUILD 7 MLN BBLS-WEEK 1 CL ACTUAL DRAW 4 MLN BBLS VS FORECAST BUILD 7 MLN BBLS,101.09,,
217, WEEK 1 CL ACTUAL DRAW 4 MLN BBLS VS FORECAST BUILD 7 MLN BBLS-WEEK 1 CL ACTUAL DRAW 4 MLN BBLS VS FORECAST BUILD 7 MLN BBLS,101.22,,
219, WEEK 1 CL ACTUAL DRAW 4 MLN BBLS VS FORECAST BUILD 7 MLN BBLS-WEEK 1 CL ACTUAL DRAW 4 MLN BBLS VS FORECAST BUILD 7 MLN BBLS,101.19,,
220, WEEK 1 CL ACTUAL DRAW 4 MLN BBLS VS FORECAST BUILD 7 MLN BBLS-WEEK 1 CL ACTUAL DRAW 4 MLN BBLS VS FORECAST BUILD 7 MLN BBLS,101.12,,
222, WEEK 1 CL ACTUAL DRAW 4 MLN BBLS VS FORECAST BUILD 7 MLN BBLS-WEEK 1 CL ACTUAL DRAW 4 MLN BBLS VS FORECAST BUILD 7 MLN BBLS,101.07,,
223, WEEK 1 CL ACTUAL DRAW 4 MLN BBLS VS FORECAST BUILD 7 MLN BBLS-WEEK 1 CL ACTUAL DRAW 4 MLN BBLS VS FORECAST BUILD 7 MLN BBLS,101.01,,
225, WEEK 1 CL ACTUAL DRAW 4 MLN BBLS VS FORECAST BUILD 7 MLN BBLS-WEEK 1 CL ACTUAL DRAW 4 MLN BBLS VS FORECAST BUILD 7 MLN BBLS,101.01,,
226, WEEK 1 CL ACTUAL DRAW 4 MLN BBLS VS FORECAST BUILD 7 MLN BBLS-WEEK 1 CL ACTUAL DRAW 4 MLN BBLS VS FORECAST BUILD 7 MLN BBLS,100.97,,
228, WEEK 1 CL ACTUAL DRAW 4 MLN BBLS VS FORECAST BUILD 7 MLN BBLS-WEEK 1 CL ACTUAL DRAW 4 MLN BBLS VS FORECAST BUILD 7 MLN BBLS,100.86,,
229, WEEK 1 CL ACTUAL DRAW 4 MLN BBLS VS FORECAST BUILD 7 MLN BBLS-WEEK 1 CL ACTUAL DRAW 4 MLN BBLS VS FORECAST BUILD 7 MLN BBLS,100.89,,
231, WEEK 1 CL ACTUAL DRAW 4 MLN BBLS VS FORECAST BUILD 7 MLN BBLS-WEEK 1 CL ACTUAL DRAW 4 MLN BBLS VS FORECAST BUILD 7 MLN BBLS,100.81,,
232, WEEK 1 CL ACTUAL DRAW 4 MLN BBLS VS FORECAST BUILD 7 MLN BBLS-WEEK 1 CL ACTUAL DRAW 4 MLN BBLS VS FORECAST BUILD 7 MLN BBLS,100.78,,
234, WEEK 1 CL ACTUAL DRAW 4 MLN BBLS VS FORECAST BUILD 7 MLN BBLS-WEEK 1 CL ACTUAL DRAW 4 MLN BBLS VS FORECAST BUILD 7 MLN BBLS,100.92,,
235, WEEK 1 CL ACTUAL DRAW 4 MLN BBLS VS FORECAST BUILD 7 MLN BBLS-WEEK 1 CL ACTUAL DRAW 4 MLN BBLS VS FORECAST BUILD 7 MLN BBLS,100.98,,
237, WEEK 1 CL ACTUAL DRAW 4 MLN BBLS VS FORECAST BUILD 7 MLN BBLS-WEEK 1 CL ACTUAL DRAW 4 MLN BBLS VS FORECAST BUILD 7 MLN BBLS,100.98,,
238, PIPELINE COST FOR CUSHING TO NYC BACK TO $20000 PER LEASE.-PIPELINE COST FOR CUSHING TO NYC BACK TO $20000 PER LEASE.,100.97,,
240, WEEK 2 CL ACTUAL DRAW 2 MLN BBLS VS FORECAST BUILD 7 MLN BBLS-WEEK 2 CL ACTUAL DRAW 2 MLN BBLS VS FORECAST BUILD 7 MLN BBLS,101.01,Up,
241, WEEK 2 CL ACTUAL DRAW 2 MLN BBLS VS FORECAST BUILD 7 MLN BBLS-WEEK 2 CL ACTUAL DRAW 2 MLN BBLS VS FORECAST BUILD 7 MLN BBLS,101.09,,
243, WEEK 2 CL ACTUAL DRAW 2 MLN BBLS VS FORECAST BUILD 7 MLN BBLS-WEEK 2 CL ACTUAL DRAW 2 MLN BBLS VS FORECAST BUILD 7 MLN BBLS,101.12,,
244, WEEK 2 CL ACTUAL DRAW 2 MLN BBLS VS FORECAST BUILD 7 MLN BBLS-WEEK 2 CL ACTUAL DRAW 2 MLN BBLS VS FORECAST BUILD 7 MLN BBLS,101.23,,
246, WEEK 2 CL ACTUAL DRAW 2 MLN BBLS VS FORECAST BUILD 7 MLN BBLS-WEEK 2 CL ACTUAL DRAW 2 MLN BBLS VS FORECAST BUILD 7 MLN BBLS,101.39,,
247, WEEK 2 CL ACTUAL DRAW 2 MLN BBLS VS FORECAST BUILD 7 MLN BBLS-WEEK 2 CL ACTUAL DRAW 2 MLN BBLS VS FORECAST BUILD 7 MLN BBLS,101.45,,
249, WEEK 2 CL ACTUAL DRAW 2 MLN BBLS VS FORECAST BUILD 7 MLN BBLS-WEEK 2 CL ACTUAL DRAW 2 MLN BBLS VS FORECAST BUILD 7 MLN BBLS,101.42,,
250, WEEK 2 CL ACTUAL DRAW 2 MLN BBLS VS FORECAST BUILD 7 MLN BBLS-WEEK 2 CL ACTUAL DRAW 2 MLN BBLS VS FORECAST BUILD 7 MLN BBLS,101.42,,
252, WEEK 2 CL ACTUAL DRAW 2 MLN BBLS VS FORECAST BUILD 7 MLN BBLS-WEEK 2 CL ACTUAL DRAW 2 MLN BBLS VS FORECAST BUILD 7 MLN BBLS,101.36,,
253, WEEK 2 CL ACTUAL DRAW 2 MLN BBLS VS FORECAST BUILD 7 MLN BBLS-WEEK 2 CL ACTUAL DRAW 2 MLN BBLS VS FORECAST BUILD 7 MLN BBLS,101.46,,
255, WEEK 2 CL ACTUAL DRAW 2 MLN BBLS VS FORECAST BUILD 7 MLN BBLS-WEEK 2 CL ACTUAL DRAW 2 MLN BBLS VS FORECAST BUILD 7 MLN BBLS,101.45,,
256, WEEK 2 CL ACTUAL DRAW 2 MLN BBLS VS FORECAST BUILD 7 MLN BBLS-WEEK 2 CL ACTUAL DRAW 2 MLN BBLS VS FORECAST BUILD 7 MLN BBLS,101.46,,
258, WEEK 2 CL ACTUAL DRAW 2 MLN BBLS VS FORECAST BUILD 7 MLN BBLS-WEEK 2 CL ACTUAL DRAW 2 MLN BBLS VS FORECAST BUILD 7 MLN BBLS,101.51,,
259, WEEK 2 CL ACTUAL DRAW 2 MLN BBLS VS FORECAST BUILD 7 MLN BBLS-WEEK 2 CL ACTUAL DRAW 2 MLN BBLS VS FORECAST BUILD 7 MLN BBLS,101.53,,
261, S&P 500 GAINS 3% AS IMF RAISES ANOTHER 300M-IMF successfully raises another 300 million to help the troubled Eurozone region ,101.51,,
262, S&P 500 GAINS 3% AS IMF RAISES ANOTHER 300M-IMF successfully raises another 300 million to help the troubled Eurozone region ,101.58,,
264, S&P 500 GAINS 3% AS IMF RAISES ANOTHER 300M-IMF successfully raises another 300 million to help the troubled Eurozone region ,101.65,,
265, S&P 500 GAINS 3% AS IMF RAISES ANOTHER 300M-IMF successfully raises another 300 million to help the troubled Eurozone region ,101.61,,
267, S&P 500 GAINS 3% AS IMF RAISES ANOTHER 300M-IMF successfully raises another 300 million to help the troubled Eurozone region ,101.55,,
268, S&P 500 GAINS 3% AS IMF RAISES ANOTHER 300M-IMF successfully raises another 300 million to help the troubled Eurozone region ,101.56,,
270, S&P 500 GAINS 3% AS IMF RAISES ANOTHER 300M-IMF successfully raises another 300 million to help the troubled Eurozone region ,101.53,,
271, S&P 500 GAINS 3% AS IMF RAISES ANOTHER 300M-IMF successfully raises another 300 million to help the troubled Eurozone region ,101.64,,
273, S&P 500 GAINS 3% AS IMF RAISES ANOTHER 300M-IMF successfully raises another 300 million to help the troubled Eurozone region ,101.62,,
274, S&P 500 GAINS 3% AS IMF RAISES ANOTHER 300M-IMF successfully raises another 300 million to help the troubled Eurozone region ,101.62,13,0.11
276, PIPELINE COST FOR ALASKA TO CUSHING GOING DOWN TO $34,101.63,,
277, PIPELINE COST FOR ALASKA TO CUSHING GOING DOWN TO $34,101.51,,
279, PIPELINE COST FOR ALASKA TO CUSHING GOING DOWN TO $34,101.5,,
280, PIPELINE COST FOR ALASKA TO CUSHING GOING DOWN TO $34,101.51,,
282, PIPELINE COST FOR ALASKA TO CUSHING GOING DOWN TO $34,101.46,,
283, PIPELINE COST FOR ALASKA TO CUSHING GOING DOWN TO $34,101.5,,
285, PIPELINE COST FOR ALASKA TO CUSHING GOING DOWN TO $34,101.59,,
286, PIPELINE COST FOR ALASKA TO CUSHING GOING DOWN TO $34,101.49,,
288, PIPELINE COST FOR ALASKA TO CUSHING GOING DOWN TO $34,101.51,,
289, PIPELINE COST FOR ALASKA TO CUSHING GOING DOWN TO $34,101.49,,
291, PIPELINE COST FOR ALASKA TO CUSHING GOING DOWN TO $34,101.49,,
292, PIPELINE COST FOR ALASKA TO CUSHING GOING DOWN TO $34,101.49,,
294, PIPELINE COST FOR ALASKA TO CUSHING GOING DOWN TO $34,101.39,,
295, PIPELINE COST FOR ALASKA TO CUSHING GOING DOWN TO $34,101.37,,
297, PIPELINE COST FOR ALASKA TO CUSHING GOING DOWN TO $34,101.36,,
299, PIPELINE COST FOR ALASKA TO CUSHING GOING DOWN TO $34,101.41,,
300, PIPELINE COST FOR ALASKA TO CUSHING GOING DOWN TO $34,101.43,,
301, PIPELINE COST FOR ALASKA TO CUSHING GOING DOWN TO $34,101.45,,
303, PIPELINE COST FOR ALASKA TO CUSHING GOING DOWN TO $34,101.46,,
305, PIPELINE COST FOR ALASKA TO CUSHING GOING DOWN TO $34,101.44,,
306, PIPELINE COST FOR ALASKA TO CUSHING GOING DOWN TO $34,101.5,,
308, PIPELINE COST FOR ALASKA TO CUSHING GOING DOWN TO $34,101.39,,
309, PIPELINE COST FOR ALASKA TO CUSHING GOING DOWN TO $34,101.37,,
311, PIPELINE COST FOR ALASKA TO CUSHING GOING DOWN TO $34,101.47,,
312, PIPELINE COST FOR ALASKA TO CUSHING GOING DOWN TO $34,101.47,,
314, PIPELINE COST FOR ALASKA TO CUSHING GOING DOWN TO $34,101.55,,
315, PIPELINE COST FOR ALASKA TO CUSHING GOING DOWN TO $34,101.48,,
317, PIPELINE COST FOR ALASKA TO CUSHING GOING DOWN TO $34,101.47,,
318, PIPELINE COST FOR ALASKA TO CUSHING GOING DOWN TO $34,101.53,,
320, NIGERIA TO INVEST $3B IN NEW REFINERIES-The Nigerian government has pledged to fund the construction of three new oil refineries in the country,101.73,,
321, NIGERIA TO INVEST $3B IN NEW REFINERIES-The Nigerian government has pledged to fund the construction of three new oil refineries in the country,101.76,,
323, NIGERIA TO INVEST $3B IN NEW REFINERIES-The Nigerian government has pledged to fund the construction of three new oil refineries in the country,101.73,,
324, NIGERIA TO INVEST $3B IN NEW REFINERIES-The Nigerian government has pledged to fund the construction of three new oil refineries in the country,101.71,,
326, NIGERIA TO INVEST $3B IN NEW REFINERIES-The Nigerian government has pledged to fund the construction of three new oil refineries in the country,101.74,,
327, NIGERIA TO INVEST $3B IN NEW REFINERIES-The Nigerian government has pledged to fund the construction of three new oil refineries in the country,101.71,,
329, NIGERIA TO INVEST $3B IN NEW REFINERIES-The Nigerian government has pledged to fund the construction of three new oil refineries in the country,101.65,,
330, NIGERIA TO INVEST $3B IN NEW REFINERIES-The Nigerian government has pledged to fund the construction of three new oil refineries in the country,101.63,,
332, NIGERIA TO INVEST $3B IN NEW REFINERIES-The Nigerian government has pledged to fund the construction of three new oil refineries in the country,101.56,,
333, NIGERIA TO INVEST $3B IN NEW REFINERIES-The Nigerian government has pledged to fund the construction of three new oil refineries in the country,101.59,,
335, NIGERIA TO INVEST $3B IN NEW REFINERIES-The Nigerian government has pledged to fund the construction of three new oil refineries in the country,101.59,,
336, NIGERIA TO INVEST $3B IN NEW REFINERIES-The Nigerian government has pledged to fund the construction of three new oil refineries in the country,101.54,,
338, NIGERIA TO INVEST $3B IN NEW REFINERIES-The Nigerian government has pledged to fund the construction of three new oil refineries in the country,101.66,,
339, NIGERIA TO INVEST $3B IN NEW REFINERIES-The Nigerian government has pledged to fund the construction of three new oil refineries in the country,101.64,,
341, NIGERIA TO INVEST $3B IN NEW REFINERIES-The Nigerian government has pledged to fund the construction of three new oil refineries in the country,101.65,,
342, NIGERIA TO INVEST $3B IN NEW REFINERIES-The Nigerian government has pledged to fund the construction of three new oil refineries in the country,101.7,,
344, NIGERIA TO INVEST $3B IN NEW REFINERIES-The Nigerian government has pledged to fund the construction of three new oil refineries in the country,101.73,,
345, NIGERIA TO INVEST $3B IN NEW REFINERIES-The Nigerian government has pledged to fund the construction of three new oil refineries in the country,101.71,,
347, NIGERIA TO INVEST $3B IN NEW REFINERIES-The Nigerian government has pledged to fund the construction of three new oil refineries in the country,101.69,,
348, NIGERIA TO INVEST $3B IN NEW REFINERIES-The Nigerian government has pledged to fund the construction of three new oil refineries in the country,101.77,,
349, NIGERIA TO INVEST $3B IN NEW REFINERIES-The Nigerian government has pledged to fund the construction of three new oil refineries in the country,101.78,,
350, NIGERIA TO INVEST $3B IN NEW REFINERIES-The Nigerian government has pledged to fund the construction of three new oil refineries in the country,101.82,29,0.09
352, NIGERIA TO INVEST $3B IN NEW REFINERIES-The Nigerian government has pledged to fund the construction of three new oil refineries in the country,101.72,,
354, NIGERIA TO INVEST $3B IN NEW REFINERIES-The Nigerian government has pledged to fund the construction of three new oil refineries in the country,101.63,,
355, NIGERIA TO INVEST $3B IN NEW REFINERIES-The Nigerian government has pledged to fund the construction of three new oil refineries in the country,101.67,,
357, NIGERIA TO INVEST $3B IN NEW REFINERIES-The Nigerian government has pledged to fund the construction of three new oil refineries in the country,101.71,,
358, NIGERIA TO INVEST $3B IN NEW REFINERIES-The Nigerian government has pledged to fund the construction of three new oil refineries in the country,101.66,,
360, NIGERIA TO INVEST $3B IN NEW REFINERIES-The Nigerian government has pledged to fund the construction of three new oil refineries in the country,101.71,,
361, NIGERIA TO INVEST $3B IN NEW REFINERIES-The Nigerian government has pledged to fund the construction of three new oil refineries in the country,101.72,,
362, NIGERIA TO INVEST $3B IN NEW REFINERIES-The Nigerian government has pledged to fund the construction of three new oil refineries in the country,101.67,,
364, NIGERIA TO INVEST $3B IN NEW REFINERIES-The Nigerian government has pledged to fund the construction of three new oil refineries in the country,101.67,,
366, NIGERIA TO INVEST $3B IN NEW REFINERIES-The Nigerian government has pledged to fund the construction of three new oil refineries in the country,101.67,,
367, NIGERIA TO INVEST $3B IN NEW REFINERIES-The Nigerian government has pledged to fund the construction of three new oil refineries in the country,101.68,,
368, NIGERIA TO INVEST $3B IN NEW REFINERIES-The Nigerian government has pledged to fund the construction of three new oil refineries in the country,101.66,,
370, NIGERIA TO INVEST $3B IN NEW REFINERIES-The Nigerian government has pledged to fund the construction of three new oil refineries in the country,101.61,,
371, NIGERIA TO INVEST $3B IN NEW REFINERIES-The Nigerian government has pledged to fund the construction of three new oil refineries in the country,101.6,,
373, NIGERIA TO INVEST $3B IN NEW REFINERIES-The Nigerian government has pledged to fund the construction of three new oil refineries in the country,101.47,,
374, NIGERIA TO INVEST $3B IN NEW REFINERIES-The Nigerian government has pledged to fund the construction of three new oil refineries in the country,101.56,,
376, NIGERIA TO INVEST $3B IN NEW REFINERIES-The Nigerian government has pledged to fund the construction of three new oil refineries in the country,101.61,,
377, NIGERIA TO INVEST $3B IN NEW REFINERIES-The Nigerian government has pledged to fund the construction of three new oil refineries in the country,101.55,,
379, NIGERIA TO INVEST $3B IN NEW REFINERIES-The Nigerian government has pledged to fund the construction of three new oil refineries in the country,101.52,,
380, NIGERIA TO INVEST $3B IN NEW REFINERIES-The Nigerian government has pledged to fund the construction of three new oil refineries in the country,101.56,,
382, NIGERIA TO INVEST $3B IN NEW REFINERIES-The Nigerian government has pledged to fund the construction of three new oil refineries in the country,101.58,,
383, NIGERIA TO INVEST $3B IN NEW REFINERIES-The Nigerian government has pledged to fund the construction of three new oil refineries in the country,101.55,,
385, NIGERIA TO INVEST $3B IN NEW REFINERIES-The Nigerian government has pledged to fund the construction of three new oil refineries in the country,101.56,,
386, NIGERIA TO INVEST $3B IN NEW REFINERIES-The Nigerian government has pledged to fund the construction of three new oil refineries in the country,101.48,,
388, NIGERIA TO INVEST $3B IN NEW REFINERIES-The Nigerian government has pledged to fund the construction of three new oil refineries in the country,101.63,,
389, NIGERIA TO INVEST $3B IN NEW REFINERIES-The Nigerian government has pledged to fund the construction of three new oil refineries in the country,101.61,Down,
391, WEEK 3 CL ACTUAL BUILD 0 MLN BBLS VS FORECAST DRAW 5 MLN BBLS-WEEK 3 CL ACTUAL BUILD 0 MLN BBLS VS FORECAST DRAW 5 MLN BBLS,101.55,,
392, WEEK 3 CL ACTUAL BUILD 0 MLN BBLS VS FORECAST DRAW 5 MLN BBLS-WEEK 3 CL ACTUAL BUILD 0 MLN BBLS VS FORECAST DRAW 5 MLN BBLS,101.48,,
394, WEEK 3 CL ACTUAL BUILD 0 MLN BBLS VS FORECAST DRAW 5 MLN BBLS-WEEK 3 CL ACTUAL BUILD 0 MLN BBLS VS FORECAST DRAW 5 MLN BBLS,101.5,,
395, WEEK 3 CL ACTUAL BUILD 0 MLN BBLS VS FORECAST DRAW 5 MLN BBLS-WEEK 3 CL ACTUAL BUILD 0 MLN BBLS VS FORECAST DRAW 5 MLN BBLS,101.44,,
397, WEEK 3 CL ACTUAL BUILD 0 MLN BBLS VS FORECAST DRAW 5 MLN BBLS-WEEK 3 CL ACTUAL BUILD 0 MLN BBLS VS FORECAST DRAW 5 MLN BBLS,101.33,,
398, WEEK 3 CL ACTUAL BUILD 0 MLN BBLS VS FORECAST DRAW 5 MLN BBLS-WEEK 3 CL ACTUAL BUILD 0 MLN BBLS VS FORECAST DRAW 5 MLN BBLS,101.3,,
400, WEEK 3 CL ACTUAL BUILD 0 MLN BBLS VS FORECAST DRAW 5 MLN BBLS-WEEK 3 CL ACTUAL BUILD 0 MLN BBLS VS FORECAST DRAW 5 MLN BBLS,101.31,,
401, WEEK 3 CL ACTUAL BUILD 0 MLN BBLS VS FORECAST DRAW 5 MLN BBLS-WEEK 3 CL ACTUAL BUILD 0 MLN BBLS VS FORECAST DRAW 5 MLN BBLS,101.31,,
403, WEEK 3 CL ACTUAL BUILD 0 MLN BBLS VS FORECAST DRAW 5 MLN BBLS-WEEK 3 CL ACTUAL BUILD 0 MLN BBLS VS FORECAST DRAW 5 MLN BBLS,101.31,,
404, WEEK 3 CL ACTUAL BUILD 0 MLN BBLS VS FORECAST DRAW 5 MLN BBLS-WEEK 3 CL ACTUAL BUILD 0 MLN BBLS VS FORECAST DRAW 5 MLN BBLS,101.19,,
406, WEEK 3 CL ACTUAL BUILD 0 MLN BBLS VS FORECAST DRAW 5 MLN BBLS-WEEK 3 CL ACTUAL BUILD 0 MLN BBLS VS FORECAST DRAW 5 MLN BBLS,101.24,,
408, WEEK 3 CL ACTUAL BUILD 0 MLN BBLS VS FORECAST DRAW 5 MLN BBLS-WEEK 3 CL ACTUAL BUILD 0 MLN BBLS VS FORECAST DRAW 5 MLN BBLS,101.32,,
409, WEEK 3 CL ACTUAL BUILD 0 MLN BBLS VS FORECAST DRAW 5 MLN BBLS-WEEK 3 CL ACTUAL BUILD 0 MLN BBLS VS FORECAST DRAW 5 MLN BBLS,101.29,,
411, WEEK 3 CL ACTUAL BUILD 0 MLN BBLS VS FORECAST DRAW 5 MLN BBLS-WEEK 3 CL ACTUAL BUILD 0 MLN BBLS VS FORECAST DRAW 5 MLN BBLS,101.17,,
412, WEEK 3 CL ACTUAL BUILD 0 MLN BBLS VS FORECAST DRAW 5 MLN BBLS-WEEK 3 CL ACTUAL BUILD 0 MLN BBLS VS FORECAST DRAW 5 MLN BBLS,101.16,,
414, WEEK 3 CL ACTUAL BUILD 0 MLN BBLS VS FORECAST DRAW 5 MLN BBLS-WEEK 3 CL ACTUAL BUILD 0 MLN BBLS VS FORECAST DRAW 5 MLN BBLS,101.16,,
415, WEEK 3 CL ACTUAL BUILD 0 MLN BBLS VS FORECAST DRAW 5 MLN BBLS-WEEK 3 CL ACTUAL BUILD 0 MLN BBLS VS FORECAST DRAW 5 MLN BBLS,101.13,,
417, WEEK 3 CL ACTUAL BUILD 0 MLN BBLS VS FORECAST DRAW 5 MLN BBLS-WEEK 3 CL ACTUAL BUILD 0 MLN BBLS VS FORECAST DRAW 5 MLN BBLS,101.07,,
418, WEEK 3 CL ACTUAL BUILD 0 MLN BBLS VS FORECAST DRAW 5 MLN BBLS-WEEK 3 CL ACTUAL BUILD 0 MLN BBLS VS FORECAST DRAW 5 MLN BBLS,101.1,,
420, WEEK 3 CL ACTUAL BUILD 0 MLN BBLS VS FORECAST DRAW 5 MLN BBLS-WEEK 3 CL ACTUAL BUILD 0 MLN BBLS VS FORECAST DRAW 5 MLN BBLS,101.18,,
421, WEEK 3 CL ACTUAL BUILD 0 MLN BBLS VS FORECAST DRAW 5 MLN BBLS-WEEK 3 CL ACTUAL BUILD 0 MLN BBLS VS FORECAST DRAW 5 MLN BBLS,101.19,,
423, WEEK 3 CL ACTUAL BUILD 0 MLN BBLS VS FORECAST DRAW 5 MLN BBLS-WEEK 3 CL ACTUAL BUILD 0 MLN BBLS VS FORECAST DRAW 5 MLN BBLS,101.13,,
424, WEEK 3 CL ACTUAL BUILD 0 MLN BBLS VS FORECAST DRAW 5 MLN BBLS-WEEK 3 CL ACTUAL BUILD 0 MLN BBLS VS FORECAST DRAW 5 MLN BBLS,101.11,,
426, WEEK 3 CL ACTUAL BUILD 0 MLN BBLS VS FORECAST DRAW 5 MLN BBLS-WEEK 3 CL ACTUAL BUILD 0 MLN BBLS VS FORECAST DRAW 5 MLN BBLS,101.1,,
427, WEEK 3 CL ACTUAL BUILD 0 MLN BBLS VS FORECAST DRAW 5 MLN BBLS-WEEK 3 CL ACTUAL BUILD 0 MLN BBLS VS FORECAST DRAW 5 MLN BBLS,101.04,,
429, WEEK 3 CL ACTUAL BUILD 0 MLN BBLS VS FORECAST DRAW 5 MLN BBLS-WEEK 3 CL ACTUAL BUILD 0 MLN BBLS VS FORECAST DRAW 5 MLN BBLS,101,,
430, WEEK 3 CL ACTUAL BUILD 0 MLN BBLS VS FORECAST DRAW 5 MLN BBLS-WEEK 3 CL ACTUAL BUILD 0 MLN BBLS VS FORECAST DRAW 5 MLN BBLS,100.91,,
432, WEEK 3 CL ACTUAL BUILD 0 MLN BBLS VS FORECAST DRAW 5 MLN BBLS-WEEK 3 CL ACTUAL BUILD 0 MLN BBLS VS FORECAST DRAW 5 MLN BBLS,100.86,,
433, WEEK 3 CL ACTUAL BUILD 0 MLN BBLS VS FORECAST DRAW 5 MLN BBLS-WEEK 3 CL ACTUAL BUILD 0 MLN BBLS VS FORECAST DRAW 5 MLN BBLS,100.87,,
435, WEEK 3 CL ACTUAL BUILD 0 MLN BBLS VS FORECAST DRAW 5 MLN BBLS-WEEK 3 CL ACTUAL BUILD 0 MLN BBLS VS FORECAST DRAW 5 MLN BBLS,100.81,,
436, WEEK 3 CL ACTUAL BUILD 0 MLN BBLS VS FORECAST DRAW 5 MLN BBLS-WEEK 3 CL ACTUAL BUILD 0 MLN BBLS VS FORECAST DRAW 5 MLN BBLS,100.76,,
438, WEEK 3 CL ACTUAL BUILD 0 MLN BBLS VS FORECAST DRAW 5 MLN BBLS-WEEK 3 CL ACTUAL BUILD 0 MLN BBLS VS FORECAST DRAW 5 MLN BBLS,100.76,,
439, WEEK 3 CL ACTUAL BUILD 0 MLN BBLS VS FORECAST DRAW 5 MLN BBLS-WEEK 3 CL ACTUAL BUILD 0 MLN BBLS VS FORECAST DRAW 5 MLN BBLS,100.74,,
441, WEEK 3 CL ACTUAL BUILD 0 MLN BBLS VS FORECAST DRAW 5 MLN BBLS-WEEK 3 CL ACTUAL BUILD 0 MLN BBLS VS FORECAST DRAW 5 MLN BBLS,100.79,,
442, WEEK 3 CL ACTUAL BUILD 0 MLN BBLS VS FORECAST DRAW 5 MLN BBLS-WEEK 3 CL ACTUAL BUILD 0 MLN BBLS VS FORECAST DRAW 5 MLN BBLS,100.76,,
444, WEEK 3 CL ACTUAL BUILD 0 MLN BBLS VS FORECAST DRAW 5 MLN BBLS-WEEK 3 CL ACTUAL BUILD 0 MLN BBLS VS FORECAST DRAW 5 MLN BBLS,100.73,,
445, WEEK 3 CL ACTUAL BUILD 0 MLN BBLS VS FORECAST DRAW 5 MLN BBLS-WEEK 3 CL ACTUAL BUILD 0 MLN BBLS VS FORECAST DRAW 5 MLN BBLS,100.73,,
447, WEEK 3 CL ACTUAL BUILD 0 MLN BBLS VS FORECAST DRAW 5 MLN BBLS-WEEK 3 CL ACTUAL BUILD 0 MLN BBLS VS FORECAST DRAW 5 MLN BBLS,100.78,,
448, WEEK 3 CL ACTUAL BUILD 0 MLN BBLS VS FORECAST DRAW 5 MLN BBLS-WEEK 3 CL ACTUAL BUILD 0 MLN BBLS VS FORECAST DRAW 5 MLN BBLS,100.74,,
450, WEEK 3 CL ACTUAL BUILD 0 MLN BBLS VS FORECAST DRAW 5 MLN BBLS-WEEK 3 CL ACTUAL BUILD 0 MLN BBLS VS FORECAST DRAW 5 MLN BBLS,100.7,,
451, WEEK 3 CL ACTUAL BUILD 0 MLN BBLS VS FORECAST DRAW 5 MLN BBLS-WEEK 3 CL ACTUAL BUILD 0 MLN BBLS VS FORECAST DRAW 5 MLN BBLS,100.72,,
453, WEEK 3 CL ACTUAL BUILD 0 MLN BBLS VS FORECAST DRAW 5 MLN BBLS-WEEK 3 CL ACTUAL BUILD 0 MLN BBLS VS FORECAST DRAW 5 MLN BBLS,100.65,,
454, WEEK 3 CL ACTUAL BUILD 0 MLN BBLS VS FORECAST DRAW 5 MLN BBLS-WEEK 3 CL ACTUAL BUILD 0 MLN BBLS VS FORECAST DRAW 5 MLN BBLS,100.61,,
456, PIPELINE COST FOR ALASKA TO CUSHING BACK TO $40000 PER LEASE.-PIPELINE COST FOR ALASKA TO CUSHING BACK TO $40000 PER LEASE.,100.58,,
457, PIPELINE COST FOR ALASKA TO CUSHING BACK TO $40000 PER LEASE.-PIPELINE COST FOR ALASKA TO CUSHING BACK TO $40000 PER LEASE.,100.74,,
459, PIPELINE COST FOR ALASKA TO CUSHING BACK TO $40000 PER LEASE.-PIPELINE COST FOR ALASKA TO CUSHING BACK TO $40000 PER LEASE.,100.69,,
460, PIPELINE COST FOR ALASKA TO CUSHING BACK TO $40000 PER LEASE.-PIPELINE COST FOR ALASKA TO CUSHING BACK TO $40000 PER LEASE.,100.66,,
462, PIPELINE COST FOR ALASKA TO CUSHING BACK TO $40000 PER LEASE.-PIPELINE COST FOR ALASKA TO CUSHING BACK TO $40000 PER LEASE.,100.69,,
463, PIPELINE COST FOR ALASKA TO CUSHING BACK TO $40000 PER LEASE.-PIPELINE COST FOR ALASKA TO CUSHING BACK TO $40000 PER LEASE.,100.64,,
465, PIPELINE COST FOR ALASKA TO CUSHING BACK TO $40000 PER LEASE.-PIPELINE COST FOR ALASKA TO CUSHING BACK TO $40000 PER LEASE.,100.8,,
466, OPEC INCREASES OIL DEMAND FORECAST-OPEC,100.81,,
468, OPEC INCREASES OIL DEMAND FORECAST-OPEC,100.85,,
469, OPEC INCREASES OIL DEMAND FORECAST-OPEC,100.71,,
471, OPEC INCREASES OIL DEMAND FORECAST-OPEC,100.66,,
472, OPEC INCREASES OIL DEMAND FORECAST-OPEC,100.69,,
474, OPEC INCREASES OIL DEMAND FORECAST-OPEC,100.71,,
475, OPEC INCREASES OIL DEMAND FORECAST-OPEC,100.65,,
477, OPEC INCREASES OIL DEMAND FORECAST-OPEC,100.71,,
478, OPEC INCREASES OIL DEMAND FORECAST-OPEC,100.76,,
480, OPEC INCREASES OIL DEMAND FORECAST-OPEC,100.79,,
481, OPEC INCREASES OIL DEMAND FORECAST-OPEC,100.83,,
483, OPEC INCREASES OIL DEMAND FORECAST-OPEC,100.83,,
484, OPEC INCREASES OIL DEMAND FORECAST-OPEC,100.88,,
486, OPEC INCREASES OIL DEMAND FORECAST-OPEC,100.88,20,0.07
487, OPEC INCREASES OIL DEMAND FORECAST-OPEC,100.8,,
489, OPEC INCREASES OIL DEMAND FORECAST-OPEC,100.77,,
490, OPEC INCREASES OIL DEMAND FORECAST-OPEC,100.8,,
492, OPEC INCREASES OIL DEMAND FORECAST-OPEC,100.71,,
493, OPEC INCREASES OIL DEMAND FORECAST-OPEC,100.74,,
495, OPEC INCREASES OIL DEMAND FORECAST-OPEC,100.7,,
496, OPEC INCREASES OIL DEMAND FORECAST-OPEC,100.67,,
498, OPEC INCREASES OIL DEMAND FORECAST-OPEC,100.65,,
499, OPEC INCREASES OIL DEMAND FORECAST-OPEC,100.63,,
501, OPEC INCREASES OIL DEMAND FORECAST-OPEC,100.61,,
502, OPEC INCREASES OIL DEMAND FORECAST-OPEC,100.69,,
504, OPEC INCREASES OIL DEMAND FORECAST-OPEC,100.78,,
505, OPEC INCREASES OIL DEMAND FORECAST-OPEC,100.74,,
507, OPEC INCREASES OIL DEMAND FORECAST-OPEC,100.7,,
508, OPEC INCREASES OIL DEMAND FORECAST-OPEC,100.75,,
510, OPEC INCREASES OIL DEMAND FORECAST-OPEC,100.7,,
511, OPEC INCREASES OIL DEMAND FORECAST-OPEC,100.69,,
513, OPEC INCREASES OIL DEMAND FORECAST-OPEC,100.74,,
514, OPEC INCREASES OIL DEMAND FORECAST-OPEC,100.74,,
516, OPEC INCREASES OIL DEMAND FORECAST-OPEC,100.74,,
517, OPEC INCREASES OIL DEMAND FORECAST-OPEC,100.73,,
519, OPEC INCREASES OIL DEMAND FORECAST-OPEC,100.77,,
520, OPEC INCREASES OIL DEMAND FORECAST-OPEC,100.8,,
522, OPEC INCREASES OIL DEMAND FORECAST-OPEC,100.84,,
523, OPEC INCREASES OIL DEMAND FORECAST-OPEC,100.92,,
525, OPEC INCREASES OIL DEMAND FORECAST-OPEC,100.85,,
526, OPEC INCREASES OIL DEMAND FORECAST-OPEC,100.8,,
528, OPEC INCREASES OIL DEMAND FORECAST-OPEC,100.83,,
529, OPEC INCREASES OIL DEMAND FORECAST-OPEC,100.85,,
531, OPEC INCREASES OIL DEMAND FORECAST-OPEC,100.73,,
533, OPEC INCREASES OIL DEMAND FORECAST-OPEC,100.82,,
534, OPEC INCREASES OIL DEMAND FORECAST-OPEC,100.86,,
536, OPEC INCREASES OIL DEMAND FORECAST-OPEC,100.93,,
537, OPEC INCREASES OIL DEMAND FORECAST-OPEC,100.86,,
539, OPEC INCREASES OIL DEMAND FORECAST-OPEC,100.8,,
540, WEEK 4 CL ACTUAL BUILD 7 MLN BBLS VS FORECAST BUILD 0 MLN BBLS-WEEK 4 CL ACTUAL BUILD 7 MLN BBLS VS FORECAST BUILD 0 MLN BBLS,100.8,Down,
542, WEEK 4 CL ACTUAL BUILD 7 MLN BBLS VS FORECAST BUILD 0 MLN BBLS-WEEK 4 CL ACTUAL BUILD 7 MLN BBLS VS FORECAST BUILD 0 MLN BBLS,100.81,,
543, WEEK 4 CL ACTUAL BUILD 7 MLN BBLS VS FORECAST BUILD 0 MLN BBLS-WEEK 4 CL ACTUAL BUILD 7 MLN BBLS VS FORECAST BUILD 0 MLN BBLS,100.79,,
545, WEEK 4 CL ACTUAL BUILD 7 MLN BBLS VS FORECAST BUILD 0 MLN BBLS-WEEK 4 CL ACTUAL BUILD 7 MLN BBLS VS FORECAST BUILD 0 MLN BBLS,100.73,,
546, WEEK 4 CL ACTUAL BUILD 7 MLN BBLS VS FORECAST BUILD 0 MLN BBLS-WEEK 4 CL ACTUAL BUILD 7 MLN BBLS VS FORECAST BUILD 0 MLN BBLS,100.76,,
548, WEEK 4 CL ACTUAL BUILD 7 MLN BBLS VS FORECAST BUILD 0 MLN BBLS-WEEK 4 CL ACTUAL BUILD 7 MLN BBLS VS FORECAST BUILD 0 MLN BBLS,100.75,,
549, WEEK 4 CL ACTUAL BUILD 7 MLN BBLS VS FORECAST BUILD 0 MLN BBLS-WEEK 4 CL ACTUAL BUILD 7 MLN BBLS VS FORECAST BUILD 0 MLN BBLS,100.71,,
551, WEEK 4 CL ACTUAL BUILD 7 MLN BBLS VS FORECAST BUILD 0 MLN BBLS-WEEK 4 CL ACTUAL BUILD 7 MLN BBLS VS FORECAST BUILD 0 MLN BBLS,100.62,,
552, WEEK 4 CL ACTUAL BUILD 7 MLN BBLS VS FORECAST BUILD 0 MLN BBLS-WEEK 4 CL ACTUAL BUILD 7 MLN BBLS VS FORECAST BUILD 0 MLN BBLS,100.53,,
554, WEEK 4 CL ACTUAL BUILD 7 MLN BBLS VS FORECAST BUILD 0 MLN BBLS-WEEK 4 CL ACTUAL BUILD 7 MLN BBLS VS FORECAST BUILD 0 MLN BBLS,100.54,,
555, WEEK 4 CL ACTUAL BUILD 7 MLN BBLS VS FORECAST BUILD 0 MLN BBLS-WEEK 4 CL ACTUAL BUILD 7 MLN BBLS VS FORECAST BUILD 0 MLN BBLS,100.58,,
557, WEEK 4 CL ACTUAL BUILD 7 MLN BBLS VS FORECAST BUILD 0 MLN BBLS-WEEK 4 CL ACTUAL BUILD 7 MLN BBLS VS FORECAST BUILD 0 MLN BBLS,100.45,,
558, WEEK 4 CL ACTUAL BUILD 7 MLN BBLS VS FORECAST BUILD 0 MLN BBLS-WEEK 4 CL ACTUAL BUILD 7 MLN BBLS VS FORECAST BUILD 0 MLN BBLS,100.34,,
560, ECONOMISTS CONCERNED BY A RISE IN CONSUMER PRICES-Economists remain concerned as core prices moved up 2.5 percent this year,100.35,,-0.36
561, ECONOMISTS CONCERNED BY A RISE IN CONSUMER PRICES-Economists remain concerned as core prices moved up 2.5 percent this year,100.31,,
563, ECONOMISTS CONCERNED BY A RISE IN CONSUMER PRICES-Economists remain concerned as core prices moved up 2.5 percent this year,100.23,,
564, ECONOMISTS CONCERNED BY A RISE IN CONSUMER PRICES-Economists remain concerned as core prices moved up 2.5 percent this year,100.14,,
566, ECONOMISTS CONCERNED BY A RISE IN CONSUMER PRICES-Economists remain concerned as core prices moved up 2.5 percent this year,100.19,,
567, ECONOMISTS CONCERNED BY A RISE IN CONSUMER PRICES-Economists remain concerned as core prices moved up 2.5 percent this year,100.16,,
569, ECONOMISTS CONCERNED BY A RISE IN CONSUMER PRICES-Economists remain concerned as core prices moved up 2.5 percent this year,99.99,,
570, ECONOMISTS CONCERNED BY A RISE IN CONSUMER PRICES-Economists remain concerned as core prices moved up 2.5 percent this year,100.04,,
572, ECONOMISTS CONCERNED BY A RISE IN CONSUMER PRICES-Economists remain concerned as core prices moved up 2.5 percent this year,100.03,,
573, ECONOMISTS CONCERNED BY A RISE IN CONSUMER PRICES-Economists remain concerned as core prices moved up 2.5 percent this year,100.07,,
575, ECONOMISTS CONCERNED BY A RISE IN CONSUMER PRICES-Economists remain concerned as core prices moved up 2.5 percent this year,100.06,,
576, ECONOMISTS CONCERNED BY A RISE IN CONSUMER PRICES-Economists remain concerned as core prices moved up 2.5 percent this year,100.13,,
578, ECONOMISTS CONCERNED BY A RISE IN CONSUMER PRICES-Economists remain concerned as core prices moved up 2.5 percent this year,100.14,,
579, ECONOMISTS CONCERNED BY A RISE IN CONSUMER PRICES-Economists remain concerned as core prices moved up 2.5 percent this year,100.26,,
581, ECONOMISTS CONCERNED BY A RISE IN CONSUMER PRICES-Economists remain concerned as core prices moved up 2.5 percent this year,100.27,,
582, ECONOMISTS CONCERNED BY A RISE IN CONSUMER PRICES-Economists remain concerned as core prices moved up 2.5 percent this year,100.3,,
584, ECONOMISTS CONCERNED BY A RISE IN CONSUMER PRICES-Economists remain concerned as core prices moved up 2.5 percent this year,100.31,,
585, ECONOMISTS CONCERNED BY A RISE IN CONSUMER PRICES-Economists remain concerned as core prices moved up 2.5 percent this year,100.36,,
587, ECONOMISTS CONCERNED BY A RISE IN CONSUMER PRICES-Economists remain concerned as core prices moved up 2.5 percent this year,100.36,,
588, ECONOMISTS CONCERNED BY A RISE IN CONSUMER PRICES-Economists remain concerned as core prices moved up 2.5 percent this year,100.32,,
590, ECONOMISTS CONCERNED BY A RISE IN CONSUMER PRICES-Economists remain concerned as core prices moved up 2.5 percent this year,100.3,,
591, ECONOMISTS CONCERNED BY A RISE IN CONSUMER PRICES-Economists remain concerned as core prices moved up 2.5 percent this year,100.36,,
593, ECONOMISTS CONCERNED BY A RISE IN CONSUMER PRICES-Economists remain concerned as core prices moved up 2.5 percent this year,100.35,,
594, ECONOMISTS CONCERNED BY A RISE IN CONSUMER PRICES-Economists remain concerned as core prices moved up 2.5 percent this year,100.34,,
596, ECONOMISTS CONCERNED BY A RISE IN CONSUMER PRICES-Economists remain concerned as core prices moved up 2.5 percent this year,100.28,,
597, ECONOMISTS CONCERNED BY A RISE IN CONSUMER PRICES-Economists remain concerned as core prices moved up 2.5 percent this year,100.36,,
599, ECONOMISTS CONCERNED BY A RISE IN CONSUMER PRICES-Economists remain concerned as core prices moved up 2.5 percent this year,,,
